{
  "showTitle": true,
  "showBasemap": true,
  "showLegend": true,
  "expandAllLayersByDefault": false,
  "contextMenu": {
    "ZoomTo": true,
    "Transparency": true,
    "SetVisibilityRange": true,
    "EnableOrDisablePopup": true,
    "ControlLabels": true,
    "MoveupOrMovedown": true,
    "OpenAttributeTable": true,
    "DescriptionOrShowItemDetailsOrDownload": true
  },
  "layerOptions": {
    "a5870fa1835b4ebda827a4efc503237b": {
      "display": true
    },
    "ddbca96a566d43e780f2a436cf05e5dc": {
      "display": true
    },
    "5cebb5b25cfe455bb6513dc54056d44e": {
      "display": false
    },
    "0aa5c8044b1f4b73ad13c963fe88be7e": {
      "display": true
    }
  }
}
